CustomerId,FirstName,LastName,Email,PhoneNum,Address,City,State,ZipCode,Country
1,Zachary,Blackwell,craigstout@gmail.com,177.574.4197x1625,241 Eric Coves Apt. 957,North Juliemouth,RI,50565,Palau
2,Jared,Hernandez,christianwhitehead@yahoo.com,951-842-7530x61857,002 Rebecca Tunnel Suite 541,Berrytown,CO,09449,Gibraltar
3,Cynthia,Stewart,seanhenry@yahoo.com,001-979-798-2732x273,922 Lopez Ford Suite 986,East Robert,FL,11780,Sudan
4,Clayton,Wheeler,xtorres@yahoo.com,221.099.8197x701,31834 Lindsey Causeway,West Katherine,NY,68213,Malaysia
5,Chase,Williams,victoria35@underwood.com,001-455-126-8449x7930,64622 Gonzalez Tunnel Suite 160,Port Carlville,UT,91908,Japan
6,Daniel,Combs,justin78@yahoo.com,+1-564-923-8439x754,543 Rebecca Shore Apt. 550,Port Andreaview,AZ,60286,Hungary
7,Bryan,Moore,gonzaleskenneth@hotmail.com,401.099.5264,76264 Michael Prairie Suite 322,Thomaschester,RI,46347,Bulgaria
8,Courtney,Potts,danielle59@howard.com,429-985-9211x0569,22078 Ho Ferry,Lake Matthewhaven,KS,96814,Burkina Faso
9,Richard,Bell,jennifer72@monroe.com,768-984-8311,19689 Carl Mission Apt. 816,Lake Aaron,WI,09193,Serbia
10,Theresa,Williams,stephanie89@yahoo.com,+1-453-189-0152x20456,71237 Serrano Cape Apt. 963,East Christinaburgh,WY,56431,Chile
11,Sean,Walter,michaelglass@gmail.com,899.821.7931x60838,476 James Bridge Apt. 516,New Nathan,AL,68364,French Southern Territories
12,Mariah,Villarreal,jason79@hotmail.com,533.923.2829,16017 Timothy Junctions Suite 224,Weavermouth,MA,08176,Christmas Island
13,Tony,Anderson,michaeladkins@lopez.org,449.101.9445,86837 Barnett Crescent Suite 051,Halechester,NY,38588,Qatar
14,Chase,Smith,vickiehayes@smith.com,243.218.5075x75692,7340 Lee Club,Lake Nicole,VT,86160,Northern Mariana Islands
15,John,Heath,williamsdavid@gmail.com,099.436.3271x2726,5448 Carmen Fort,West Samuelbury,ND,81491,Myanmar
16,Gabriel,Ortega,amandavang@holder.com,4879543567,182 Bennett Trace Suite 254,Johnsonville,NY,10645,Turkmenistan
17,Howard,Patrick,horncharles@yahoo.com,+1-909-573-7322x962,8817 Sharon Loop Suite 043,North Brad,AL,22456,Denmark
18,Angelica,Hammond,spenceramber@hotmail.com,+1-652-977-0705x2743,97224 Kevin Passage,Jamesland,NY,24340,Angola
19,Benjamin,Ward,kevindelacruz@yahoo.com,001-380-181-6385,46691 Alicia Turnpike Suite 262,New Jessicahaven,FL,95195,Iraq
20,Emma,Robbins,stephenbooth@hotmail.com,903.229.6538,528 Wood Road,South Jennifer,NE,41867,Tuvalu
21,Jacob,Brown,gregory96@yahoo.com,001-553-788-2059,1765 Thomas Mountains,Hoodton,WV,96951,Niger
22,Ryan,Strickland,jamie86@barnett-black.info,(218)790-6903,75700 Julie Ridge Apt. 043,Scottville,MI,82877,El Salvador
23,Ryan,Joseph,dmccarty@hotmail.com,692.439.6419,94519 Stephanie Landing,Lake Natalieshire,OK,23905,Antarctica (the territory South of 60 deg S)
24,Anthony,Brown,kylegraham@yahoo.com,078.203.1897x0406,9502 Brown Radial,West Courtney,NM,43808,Albania
25,Gregory,Moody,mitchellamy@anderson.org,001-008-770-2369x9309,89785 Armstrong Parkway Suite 629,East Renee,CO,92288,Malaysia
26,Cindy,Carlson,kimmcdaniel@hotmail.com,608-842-5232x72605,76584 Jacqueline Harbors Apt. 778,Pattersonchester,OR,93004,Cape Verde
27,Kristina,Miller,rlopez@hotmail.com,6664522315,424 Williams Fort Suite 394,Brettbury,IL,40604,Oman
28,Mariah,Peterson,rebeccamarquez@yahoo.com,001-535-988-3870x1731,241 Steele Estates,Torresland,WA,88750,Belarus
29,Tiffany,Martin,egomez@lester.com,144-318-5484x8495,02794 Alexander Loop Apt. 354,New David,MI,03914,United States Minor Outlying Islands
30,Jennifer,Allen,morganmcmahon@bell.com,+1-419-480-2731,7703 Berry Wall Apt. 201,Port Tina,IA,64183,Iraq
31,Kathleen,Cervantes,pbrown@hotmail.com,301.541.6620,2452 Nichols Run,North Scott,UT,42754,Saint Kitts and Nevis
32,Jay,Mitchell,huangmichelle@anderson-stephenson.com,224-735-1468x52243,165 Johnson Stravenue,North Johntown,CT,41030,Grenada
33,Jennifer,Arnold,mmendez@ramirez-stewart.biz,300.624.4428x6587,85833 Velazquez Streets Suite 349,Jamesland,WI,73387,Maldives
34,Chris,Russell,jacob92@yahoo.com,676-286-2766x6226,06892 George Vista,Scottfort,HI,82095,Kuwait
35,Jessica,Wright,johndelgado@yahoo.com,001-491-195-1805x4431,94862 Davidson Mountains,Shafferville,NE,64654,Saint Barthelemy
36,Brian,Beck,latoyamullen@gmail.com,(253)592-7453x993,175 Price Pass,Adamfort,CO,29844,Puerto Rico
37,Brittany,Becker,daniel44@salazar-saunders.com,5042839673,38900 Cynthia Tunnel Apt. 359,Jerryport,TX,39665,Egypt
38,Alyssa,Mcconnell,cmack@jimenez.com,+1-083-922-6841x3726,25266 Smith Circles Suite 571,Robertsonfurt,MD,47927,Hungary
39,Timothy,Martin,karen15@hotmail.com,001-233-149-9370x4058,9749 Frazier Plains Suite 926,Olsonhaven,ID,39007,Korea
40,Jimmy,Huang,richardyoung@vazquez.com,001-970-392-9248x2561,327 Robert Camp Suite 891,West Williamport,OK,90089,Dominica
41,Devin,Stevenson,jeff07@yahoo.com,986-539-6794x4362,171 Lisa Orchard,Jakefurt,SC,92153,Greece
42,Peggy,Brown,robindunn@stevens-freeman.com,934-836-4161x60532,37574 John Points Suite 704,Christopherhaven,IN,56323,Nigeria
43,Stephanie,Parker,cmyers@hotmail.com,(868)572-4248x6855,6818 Donna Crest,West Samuelstad,WV,08389,Pakistan
44,Theresa,Moreno,cynthiajackson@perry.com,(069)627-8001x4293,06250 Johnson Trafficway,Brookebury,AK,70889,Belgium
45,Sonia,Richardson,diane32@hudson.com,001-581-837-0814,9144 Bianca Roads Apt. 630,North Francisstad,IN,97898,South Africa
46,Miguel,Butler,hawkinsjames@yahoo.com,491-840-8521x365,29357 Johnson Trail,North Shelby,SC,91102,Slovakia (Slovak Republic)
47,Jason,Mullins,robertmartinez@hotmail.com,386-386-4315x9732,47274 Douglas Field Apt. 347,Foxmouth,CO,99925,Lao People's Democratic Republic
48,Ana,Brown,ebridges@grant.com,+1-919-781-1936,3073 Sarah Valley,Terriburgh,FL,12489,Uzbekistan
49,Phillip,Calhoun,hhill@hotmail.com,809-950-1429x9168,7983 Ballard Garden Apt. 545,Martinezville,PA,68903,Bulgaria
50,Ashley,Rice,yroberts@beck.com,(614)325-4838x45001,3182 Lee Underpass,East Gary,GA,21317,Lithuania
51,Alan,Perez,yvonne79@yahoo.com,128-276-3088,501 Nicole Mall Suite 936,Port Melissa,MI,00631,Mayotte
52,Yvonne,Jenkins,markwade@schwartz.com,993-277-5257x1943,86562 Caldwell Gateway,Port George,DE,69868,Czech Republic
53,Teresa,Young,egonzalez@yahoo.com,815-435-6270x6923,75400 Wood Drive,Amandaton,PA,43610,Cameroon
54,Melissa,Thomas,william23@yahoo.com,2130692568,03351 Leroy Creek,Johnsonbury,NV,70085,Israel
55,Rachel,Knox,frankbeck@hotmail.com,674.105.7421x693,27596 Graham Springs Suite 526,Robertborough,MS,72052,Monaco
56,Phillip,Mcintosh,connerpaul@osborne-thomas.com,+1-693-581-0752x16930,02076 Dawn Overpass,Lynchbury,OR,17879,Somalia
57,Denise,Martinez,johncruz@gmail.com,825.805.3141x846,3417 Thomas Plaza Suite 240,East Bonnieshire,MA,35400,Poland
58,Richard,Black,dphillips@yahoo.com,837-897-5005,874 Heather Fords,Martinezbury,RI,05341,Italy
59,Jonathan,Yu,jwilliams@mcclain.com,(665)106-6957x805,1266 Michael Way,West Michael,GA,88424,Honduras
60,Michelle,Rios,xespinoza@hotmail.com,001-732-644-6803x03033,345 Hull Plain Apt. 108,New Benjamin,DC,38647,Lesotho
61,Jason,Trevino,davidlynch@roy.com,(733)251-5647x75692,1655 Cole Key,West Brian,WY,71799,Timor-Leste
62,Erik,Myers,castillowayne@yahoo.com,+1-868-668-8816x889,5332 Clinton Circles Apt. 302,Port Andrea,NV,15548,Suriname
63,Kelly,Kim,chenlaura@yahoo.com,+1-070-967-1011,801 David Run,Mccoyton,NC,74457,Antarctica (the territory South of 60 deg S)
64,Christopher,Jones,rogerschristian@yahoo.com,001-536-458-9914x54574,02546 Tamara Ville Suite 849,East Meganmouth,ND,90906,Guam
65,Sabrina,Foster,butlercynthia@mcdonald.com,570-612-3235x6600,3200 Shawn Green,Lake Saraton,NJ,21202,Oman
66,Scott,Bartlett,kgarner@warren.org,+1-618-646-5109,47779 Susan Cliff Suite 178,Lake Patriciamouth,DE,90977,Guyana
67,Carolyn,Salinas,matthewselizabeth@gmail.com,502.829.6275,13445 Joel Points Suite 349,New Jamesview,LA,07554,Ukraine
68,Kimberly,Nguyen,kathrynrush@yahoo.com,6226207764,3626 Marcus Keys Apt. 572,Ryanfurt,TX,28147,India
69,Jessica,Nixon,alexwright@mcneil.com,048.991.8479x078,70734 Gill Row,Boothborough,MI,34779,Venezuela
70,Kristen,Davis,otownsend@gmail.com,534-995-3980,19768 Davis Fields Apt. 279,Hayesborough,WA,91218,Namibia
71,Karen,Allen,johnhenderson@johnson.com,464.298.9372x3418,666 Lauren Ridge Apt. 951,Port Ryanview,CA,41529,Azerbaijan
72,Kevin,Berger,amartin@gmail.com,001-200-108-9207x69773,416 Isabel Ville,Stewartfurt,MS,83730,Estonia
73,Travis,Curtis,wrangel@sanchez.com,(358)843-7506x08750,487 Michael Brooks Apt. 126,Lake Allen,MI,50793,Panama
74,Nathan,Erickson,portershelby@yahoo.com,+1-908-640-7754x04703,539 Ruben Island Suite 713,East Henryburgh,HI,89451,Kenya
75,Victor,Castro,carpenterruben@murphy-rosario.net,446.400.8292,81505 Sarah Rest,Lake Melissa,AZ,26754,Heard Island and McDonald Islands
76,Jonathan,Ryan,burchalexa@davis.biz,472-293-9782x8465,1561 William Underpass Suite 901,Jeffreyview,TX,85841,Monaco
77,Laurie,Burns,chancarolyn@gmail.com,048-396-5946,7931 Jones Junctions,East William,UT,76210,Djibouti
78,Elizabeth,Hartman,dmartinez@yahoo.com,(701)372-2262,45087 Mercer Oval Suite 187,Martinezstad,VT,57744,Nicaragua
79,Julie,Yu,walkerbrandy@hotmail.com,001-744-593-9042,465 Cruz Run Apt. 759,New Tanyafurt,NM,80474,Malta
80,Jose,Hall,susanmiller@hotmail.com,+1-338-883-8356x111,59678 Gregory Forge Suite 748,South Dianeland,NJ,50691,Namibia
81,Barbara,Smith,hunterbrett@yahoo.com,325-386-2078x510,69306 Kathleen Inlet,North Arthurville,LA,69787,Finland
82,Anthony,Hale,adrienneanderson@morrison.com,001-148-965-4232x8453,43030 Kimberly Alley Apt. 745,Bishopfort,GA,94260,Venezuela
83,Kathy,Gonzales,heatherpatel@hotmail.com,(704)395-8498x698,706 Jones Knoll,Maureenland,RI,08979,United States Virgin Islands
84,Patrick,Ortega,olsongreg@gmail.com,308.792.7210x59422,232 Hernandez Junctions,Larryville,SC,99274,Egypt
85,Robert,Bond,jeffrey83@yahoo.com,987.361.9280,230 Alan Falls,North Lauren,WA,52295,Saint Martin
86,Beth,Ward,hjackson@horn.biz,001-580-952-9243x54399,344 Jones Shoal Apt. 007,South Sandratown,MS,90974,Vietnam
87,Melissa,Kaiser,spencepamela@yahoo.com,997-528-8394,18469 David Mill Apt. 036,Buchananstad,AR,16274,Pitcairn Islands
88,Timothy,Smith,flemingchristopher@davis.biz,930.014.6287x4672,24020 Lynn Stream,South Melissashire,VT,48557,Tajikistan
89,Caitlin,Ortiz,fwalters@wallace.com,534.277.2190x37263,77857 Douglas Inlet,Danielstad,VA,56507,Sudan
90,Carla,Glover,katherine01@gmail.com,6443458897,9839 Lopez Drive Suite 813,Michaelfort,OH,01142,Iceland
91,Cindy,Moore,aaronryan@gmail.com,(585)533-6111x13282,963 Martha Canyon,East Brandy,DC,44016,Georgia
92,Jeremy,Fernandez,matthew31@yahoo.com,620.965.9870,03776 Scott Street Apt. 024,Williamville,AZ,30977,Sweden
93,Samuel,Blankenship,vreed@gmail.com,770-228-5251,737 Padilla Burgs Apt. 238,New Jennifer,VA,43051,Reunion
94,Jack,Cisneros,stevenhickman@hotmail.com,3146774802,3401 Phillips Fork Apt. 995,West Richard,NY,35262,Romania
95,Matthew,Owens,jennifer45@gmail.com,001-370-692-6427x065,43362 Knight Estates,North Samantha,MO,97533,Eritrea
96,Laura,Davis,yparks@blake.com,001-539-243-3788,14902 Ware Vista Apt. 042,West Amy,GA,10733,Montenegro
97,John,Griffin,zwilliams@torres.com,(481)332-6335x4153,733 Knox Walks,South Michaelfort,UT,50856,Albania
98,Javier,Mendoza,john69@hotmail.com,+1-193-697-0610,41554 Vaughan Spring,New Michael,AR,93325,Croatia
99,Gary,Cain,egonzalez@johnson.com,868.439.6125x6155,51436 Donald Circle,Harrisview,OK,89438,Svalbard & Jan Mayen Islands
100,Matthew,Dickerson,vasquezjoseph@gmail.com,195-226-6330,29829 Tami Garden Suite 513,Lake Brianside,GA,43645,Niue
101,Michele,Richards,simpsonjimmy@gmail.com,+1-758-902-9390x75985,594 Burton Orchard,New Ryanfort,RI,54052,Poland
102,David,Brewer,brookelewis@leon-allen.biz,271-254-3107x802,24814 Jones Harbors,South Jamesport,NM,52494,Guam
103,Lance,Zimmerman,grantdonna@gmail.com,454.497.7024,847 Simpson Mission Suite 293,Glendahaven,NY,12165,Tanzania
104,Vanessa,Mooney,timscott@yahoo.com,001-994-813-2966x295,61654 Atkins Rapid Apt. 719,West Andrew,OH,81268,Central African Republic
105,Joshua,Villarreal,syang@hotmail.com,(987)055-6936x47663,83948 Galloway Pine Suite 530,West Anthony,MN,54352,Uzbekistan
106,Amy,Cooper,xallen@yahoo.com,994-340-6726,68787 Rachel Ford Apt. 921,West Jessica,MO,48175,Vanuatu
107,Steve,Hall,lmartin@yahoo.com,923-270-3591x286,248 Melinda Path,Oliverfurt,CO,30296,Benin
108,Rachel,Doyle,wramirez@hotmail.com,+1-157-142-8072x16979,18047 Floyd Run,Lake Jill,MS,52748,Bermuda
109,Sarah,Gonzales,qsuarez@logan-curry.com,522-308-2724x06932,98369 Sellers Lakes,Ericshire,VT,54699,Slovenia
110,Steven,Simpson,sarah69@gmail.com,353-124-1723x054,8692 Kim Trail Apt. 106,West Chelseaville,NV,05829,Armenia
111,Kelly,Garner,bennettbobby@jackson.biz,433-372-1787x20263,71443 Alvarez Spurs Apt. 676,Rachelview,TX,37184,Lesotho
112,Stacey,Friedman,adrian59@hotmail.com,(258)906-7536,65791 Baker Summit Suite 319,North Genestad,PA,50396,Brazil
113,Amy,Meza,huntdustin@hernandez-mata.com,(023)171-3321x56942,2536 Jaime Common Apt. 661,Port Kevin,IL,18682,Portugal
114,Natalie,Webster,yramirez@yahoo.com,001-794-888-3919,3688 Timothy Village,Sharonton,MT,82940,Vietnam
115,Jonathan,Ray,julievaldez@yahoo.com,(274)055-6523x01062,3415 Paula Highway,Erintown,MO,24641,Iraq
116,Kimberly,Park,dlee@callahan.com,+1-060-674-7001x88817,4362 Ortiz Lakes,New Ashley,ND,72987,Tanzania
117,Christopher,Mcclure,leerichard@hotmail.com,(434)179-8476x66386,47135 Bryan Hill Apt. 766,West Lauraton,LA,10455,Uruguay
118,Justin,Ramos,zdixon@yahoo.com,951.802.2894,2643 Andre Branch,Hensleyburgh,MI,48550,Kyrgyz Republic
119,Leslie,Hicks,xclayton@hotmail.com,6091717325,2695 Scott Dam,Johnland,MN,84664,Liechtenstein
120,Justin,Floyd,barrettkirk@gmail.com,+1-639-370-5745x981,987 Stephanie Freeway,New Brent,KS,64623,Panama
